Team Name,Club,Team ID,Points,Wins,Losses,Ties,Games Played,Rank,State,Region,Win Percentage,State Rank,Regional Rank,Goal Ratio,Team URL,Last Activity,Gender,Age Group
14B GSA,RSL-AZ North,404655,30475,37,12,6,55,3,AZ,4,0.6727272727272727,1,1,1.8265306122448979,https://rankings.gotsport.com/teams/404655,2025-10-08,M,U12
Southeast 2014 Boys Black,Next Level Soccer (AZ),238248,26843,38,14,4,56,6,AZ,4,0.6785714285714286,2,2,2.3980582524271843,https://rankings.gotsport.com/teams/238248,2025-10-08,M,U12
2014 Elite,Phoenix United Futbol Club,579284,26299,20,4,1,25,8,AZ,4,0.8,3,3,3.7419354838709675,https://rankings.gotsport.com/teams/579284,2025-10-08,M,U12
Tuzos Royals 2014,FBSL,365177,25360,36,20,10,66,9,AZ,4,0.5454545454545454,4,4,1.3587786259541985,https://rankings.gotsport.com/teams/365177,2025-10-08,M,U12
Phoenix United 2014 Academy,Phoenix United Futbol Club,518095,24568,22,1,4,27,12,AZ,4,0.8148148148148148,5,5,5.6521739130434785,https://rankings.gotsport.com/teams/518095,2025-10-08,M,U12
2014B West,Phoenix United Futbol Club,499398,24259,39,16,8,63,15,AZ,4,0.6190476190476191,6,6,1.9548872180451127,https://rankings.gotsport.com/teams/499398,2025-10-08,M,U12
SCFC - 2014,Scottsdale City FC,370208,22319,42,10,5,57,24,AZ,4,0.7368421052631579,7,9,1.9142857142857144,https://rankings.gotsport.com/teams/370208,2025-10-08,M,U12
Southeast 2014 Boys Red,Next Level Soccer (AZ),314607,21937,22,19,2,43,25,AZ,4,0.5116279069767442,8,10,1.2169811320754718,https://rankings.gotsport.com/teams/314607,2025-10-08,M,U12
Dynamos SC 14B SC,Dynamos SC,126725,21762,26,16,7,49,26,AZ,4,0.5306122448979592,9,11,1.5789473684210527,https://rankings.gotsport.com/teams/126725,2025-10-08,M,U12
Excel Soccer Academy 14B Red,Excel Soccer Academy,188448,20397,22,12,5,39,32,AZ,4,0.5641025641025641,10,12,1.5616438356164384,https://rankings.gotsport.com/teams/188448,2025-10-08,M,U12
PRFC North Valley 14B PreAcademy,Phoenix Rising FC North Valley,68446,17103,20,17,7,44,54,AZ,4,0.45454545454545453,11,17,0.9083333333333333,https://rankings.gotsport.com/teams/68446,2025-10-08,M,U12
AZEV B2014 (NAVY),AYSO United (AZ),342294,16981,28,7,4,39,55,AZ,4,0.717948717948718,12,18,2.5535714285714284,https://rankings.gotsport.com/teams/342294,2025-10-08,M,U12
Madison FC 14 Gold Boys,Madison FC,96965,15292,32,10,6,48,71,AZ,4,0.6666666666666666,13,22,2.2051282051282053,https://rankings.gotsport.com/teams/96965,2025-10-08,M,U12
AZ Arsenal Pre-ECNL B14,Arizona Arsenal Soccer Club,130653,14328,20,13,2,35,81,AZ,4,0.5714285714285714,14,24,1.5405405405405406,https://rankings.gotsport.com/teams/130653,2025-10-08,M,U12
14B JDeutsch Pre-MLS Next,RSL-AZ South,82303,13674,18,16,5,39,87,AZ,4,0.46153846153846156,15,25,1.125,https://rankings.gotsport.com/teams/82303,2025-10-08,M,U12
AZSC 14B Perez,Arizona Soccer Club,80004,13488,31,14,5,50,91,AZ,4,0.62,16,27,1.841121495327103,https://rankings.gotsport.com/teams/80004,2025-10-08,M,U12
Southeast 2014 Boys Blue,Next Level Soccer (AZ),448054,13120,19,12,2,33,102,AZ,4,0.5757575757575758,17,31,1.5526315789473684,https://rankings.gotsport.com/teams/448054,2025-10-08,M,U12
PRFC Scottsdale 14B Pre-Academy,Phoenix Rising FC,129148,13076,32,13,3,48,103,AZ,4,0.6666666666666666,18,32,2.6341463414634148,https://rankings.gotsport.com/teams/129148,2025-10-08,M,U12
14 Pre-MLSN #1,FC Tucson Youth Soccer,499119,12340,28,10,3,41,114,AZ,4,0.6829268292682927,19,34,2.2318840579710146,https://rankings.gotsport.com/teams/499119,2025-10-08,M,U12
Playmaker Futbol Academy 14B Black,Playmaker Futbol Academy,391035,11147,27,25,7,59,139,AZ,4,0.4576271186440678,20,40,1.026143790849673,https://rankings.gotsport.com/teams/391035,2025-10-08,M,U12
Brazas 2014 Boys Black Marcos,Brazas Futebol Club,138967,10955,17,12,4,33,144,AZ,4,0.5151515151515151,21,42,1.352112676056338,https://rankings.gotsport.com/teams/138967,2025-10-08,M,U12
Tuzos Royals 14 Pre-Academy,FBSL,435521,10140,38,18,1,57,158,AZ,4,0.6666666666666666,22,49,1.6,https://rankings.gotsport.com/teams/435521,2025-10-08,M,U12
14B Velasco,RSL-AZ South,82310,9461,18,15,5,38,172,AZ,4,0.47368421052631576,23,53,1.2112676056338028,https://rankings.gotsport.com/teams/82310,2025-10-08,M,U12
U-12 (2014) Boys Pre Academy Blue,SC del Sol,85988,9258,15,22,4,41,177,AZ,4,0.36585365853658536,24,54,1.0,https://rankings.gotsport.com/teams/85988,2025-10-08,M,U12
Phoenix Premier FC 14B X-Factor,Phoenix Premier FC,250009,8749,23,6,1,30,192,AZ,4,0.7666666666666667,25,57,3.5,https://rankings.gotsport.com/teams/250009,2025-10-08,M,U12
Tuzos Halcones 2014,FBSL,273386,8741,15,14,3,32,193,AZ,4,0.46875,26,58,0.9813084112149533,https://rankings.gotsport.com/teams/273386,2025-10-08,M,U12
Phoenix United 2014 Premier,Phoenix United Futbol Club,415876,8607,27,23,8,58,196,AZ,4,0.46551724137931033,27,59,1.186206896551724,https://rankings.gotsport.com/teams/415876,2025-10-08,M,U12
PRFC Desert Foothills 14B Pre-Academy,Phoenix Rising Desert Foothills,87271,8357,20,17,4,41,204,AZ,4,0.4878048780487805,28,64,1.425531914893617,https://rankings.gotsport.com/teams/87271,2025-10-08,M,U12
Tuzos Academy Mesa 2014,FBSL,385521,8256,20,12,7,39,209,AZ,4,0.5128205128205128,29,65,1.2123893805309736,https://rankings.gotsport.com/teams/385521,2025-10-08,M,U12
FC Elite Arizona 2014 Boys (ARCHIVED),FC Elite Arizona,488139,8001,30,11,2,43,223,AZ,4,0.6976744186046512,30,68,2.7777777777777777,https://rankings.gotsport.com/teams/488139,2025-10-08,M,U12
East Valley NSFC 14 Boys Aguirre,East Valley/NSFC,78764,7866,19,16,6,41,229,AZ,4,0.4634146341463415,31,69,0.8793103448275862,https://rankings.gotsport.com/teams/78764,2025-10-08,M,U12
Legends FC AZ 14B Black,Dynamos SC,166816,7830,14,22,3,39,232,AZ,4,0.358974358974359,32,71,0.9152542372881356,https://rankings.gotsport.com/teams/166816,2025-10-08,M,U12
Scottsdale 14 Sandsharks Select,North Scottsdale Soccer Club,152739,7729,25,6,3,34,236,AZ,4,0.7352941176470589,33,74,5.631578947368421,https://rankings.gotsport.com/teams/152739,2025-10-08,M,U12
State 48 FC Avondale 14 Black,State 48 FC,399594,7353,15,17,3,35,250,AZ,4,0.42857142857142855,34,82,0.6744186046511628,https://rankings.gotsport.com/teams/399594,2025-10-08,M,U12
PSG 14B Blue,Paris Saint-Germain Academy Phoenix,253741,7174,23,9,6,38,254,AZ,4,0.6052631578947368,35,85,2.05,https://rankings.gotsport.com/teams/253741,2025-10-08,M,U12
14B Antunez Pre-MLS Next,RSL-AZ North,80225,6877,12,22,4,38,266,AZ,4,0.3157894736842105,36,89,0.6396396396396397,https://rankings.gotsport.com/teams/80225,2025-10-08,M,U12
CCV Stars 14 Boys North Orange,CCV STARS,128638,6874,20,16,2,38,267,AZ,4,0.5263157894736842,37,90,1.1666666666666667,https://rankings.gotsport.com/teams/128638,2025-10-08,M,U12
14B Engilman,RSL-AZ North,80232,6748,14,20,5,39,271,AZ,4,0.358974358974359,38,92,0.7681159420289855,https://rankings.gotsport.com/teams/80232,2025-10-08,M,U12
PRFC Southeast Valley 14B Pre-Academy,Phoenix Rising FC,260977,6523,11,20,2,33,288,AZ,4,0.3333333333333333,39,97,0.8440366972477065,https://rankings.gotsport.com/teams/260977,2025-10-08,M,U12
RSL-AZ Yuma 14 Boys Quinonez,RSL-AZ Yuma,256692,6398,7,11,1,19,297,AZ,4,0.3684210526315789,40,102,0.6805555555555556,https://rankings.gotsport.com/teams/256692,2025-10-08,M,U12
West Valley 2014 Boys Martinez Pre-Elite64,RSL-AZ West Valley,385131,6153,23,20,1,44,309,AZ,4,0.5227272727272727,41,107,1.3333333333333333,https://rankings.gotsport.com/teams/385131,2025-10-08,M,U12
NOS Santos 14 Boys Blue,NOS Santos SC,85564,6054,11,13,2,26,316,AZ,4,0.4230769230769231,42,109,0.8235294117647058,https://rankings.gotsport.com/teams/85564,2025-10-08,M,U12
CCV Stars 14 Boys North Pre-ECNL,CCV STARS,113537,6040,16,15,3,34,318,AZ,4,0.47058823529411764,43,111,1.3275862068965518,https://rankings.gotsport.com/teams/113537,2025-10-08,M,U12
14 Cityzens,Scottsdale City FC,505150,6014,23,30,4,57,323,AZ,4,0.40350877192982454,44,115,0.7745664739884393,https://rankings.gotsport.com/teams/505150,2025-10-08,M,U12
Playmaker Futbol Academy PRE-ECNL B14,Playmaker Futbol Academy,78337,5946,11,13,4,28,327,AZ,4,0.39285714285714285,45,118,0.935064935064935,https://rankings.gotsport.com/teams/78337,2025-10-08,M,U12
14B Moyer,RSL-AZ South,251057,5893,13,17,5,35,331,AZ,4,0.37142857142857144,46,121,0.8571428571428571,https://rankings.gotsport.com/teams/251057,2025-10-08,M,U12
PRFC North Valley 14B Predator,Phoenix Rising FC North Valley,82493,5768,12,24,6,42,337,AZ,4,0.2857142857142857,47,126,0.6739130434782609,https://rankings.gotsport.com/teams/82493,2025-10-08,M,U12
U-12 (2014) Boys Yuma Pre Academy,SC del Sol,384230,5525,7,11,2,20,356,AZ,4,0.35,48,132,0.68,https://rankings.gotsport.com/teams/384230,2025-10-08,M,U12
CDO 14B Premier,Canyon Del Oro Soccer Club,250765,5506,18,11,1,30,358,AZ,4,0.6,49,133,1.4057971014492754,https://rankings.gotsport.com/teams/250765,2025-10-08,M,U12
FC Deportivo AZ 2014B (Gallegos),FC Deportivo Arizona,523920,5431,16,6,4,26,368,AZ,4,0.6153846153846154,50,136,1.5921052631578947,https://rankings.gotsport.com/teams/523920,2025-10-08,M,U12
14B Negrete Pre MLS Next,RSL-AZ Southern AZ,178324,5379,12,15,5,32,375,AZ,4,0.375,51,139,1.1341463414634145,https://rankings.gotsport.com/teams/178324,2025-10-08,M,U12
Phoenix Premier FC 14B Black,Phoenix Premier FC,57042,5216,7,14,6,27,388,AZ,4,0.25925925925925924,52,145,0.8571428571428571,https://rankings.gotsport.com/teams/57042,2025-10-08,M,U12
2014 Boys Yellow,Thunderbird FC,385775,5045,13,12,2,27,402,AZ,4,0.48148148148148145,53,149,1.0,https://rankings.gotsport.com/teams/385775,2025-10-08,M,U12
Madison FC 14 Blue Boys,Madison FC,498236,4938,19,15,1,35,414,AZ,4,0.5428571428571428,54,154,1.1176470588235294,https://rankings.gotsport.com/teams/498236,2025-10-08,M,U12
FC ARIZONA PRE ECNL RL B14,FC Arizona,633380,4894,3,0,1,4,419,AZ,4,0.75,55,157,3.0,https://rankings.gotsport.com/teams/633380,2025-10-08,M,U12
PRFC Scottsdale 14B Predator,Phoenix Rising FC,179071,4765,11,14,3,28,428,AZ,4,0.39285714285714285,56,161,0.8125,https://rankings.gotsport.com/teams/179071,2025-10-08,M,U12
14 Pre-MLSN #2,FC Tucson Youth Soccer,499128,4354,19,16,2,37,476,AZ,4,0.5135135135135135,57,177,1.558139534883721,https://rankings.gotsport.com/teams/499128,2025-10-08,M,U12
PRFC West Valley 14B Pre-Academy,Phoenix Rising FC,120243,4244,17,27,3,47,496,AZ,4,0.3617021276595745,58,182,0.8098591549295775,https://rankings.gotsport.com/teams/120243,2025-10-08,M,U12
Real Arizona 2014,Real Arizona FC,170375,4134,24,8,2,34,505,AZ,4,0.7058823529411765,59,186,1.9156626506024097,https://rankings.gotsport.com/teams/170375,2025-10-08,M,U12
Southeast 2014 Boys Green,Next Level Soccer (AZ),514142,4111,19,12,6,37,507,AZ,4,0.5135135135135135,60,188,1.6865671641791045,https://rankings.gotsport.com/teams/514142,2025-10-08,M,U12
CCV Stars 14 Boys West Orange,CCV STARS,368675,4041,8,14,5,27,521,AZ,4,0.2962962962962963,61,194,0.675,https://rankings.gotsport.com/teams/368675,2025-10-08,M,U12
Pima Surf 2014 B Blue,Pima County Surf Soccer Club,267400,3963,10,8,6,24,537,AZ,4,0.4166666666666667,62,200,1.169811320754717,https://rankings.gotsport.com/teams/267400,2025-10-08,M,U12
14B NL #1,FC Tucson Youth Soccer,515148,3750,11,13,4,28,570,AZ,4,0.39285714285714285,63,216,0.9411764705882353,https://rankings.gotsport.com/teams/515148,2025-10-08,M,U12
AZSC 2014B Pre-NL Premier 2,Arizona Soccer Club,79991,3693,31,14,3,48,579,AZ,4,0.6458333333333334,64,220,2.0,https://rankings.gotsport.com/teams/79991,2025-10-08,M,U12
PRFC Southeast Valley 14B Predator,Phoenix Rising FC,260979,3690,15,20,5,40,581,AZ,4,0.375,65,222,0.6810344827586207,https://rankings.gotsport.com/teams/260979,2025-10-08,M,U12
CCV Stars 14 Boys West Pre-ECNL,CCV STARS,128680,3606,14,16,5,35,601,AZ,4,0.4,66,227,0.7807017543859649,https://rankings.gotsport.com/teams/128680,2025-10-08,M,U12
PRFC Southeast Valley 14B Predator-Central,Phoenix Rising FC,494072,3581,10,25,3,38,606,AZ,4,0.2631578947368421,67,229,0.5478260869565217,https://rankings.gotsport.com/teams/494072,2025-10-08,M,U12
AZ Arsenal 14 Boys Teal SC,Arizona Arsenal Soccer Club,163425,3364,21,20,5,46,643,AZ,4,0.45652173913043476,68,242,1.0388349514563107,https://rankings.gotsport.com/teams/163425,2025-10-08,M,U12
Verde Valley United FC,,452848,3314,5,7,4,16,648,AZ,4,0.3125,69,245,1.03125,https://rankings.gotsport.com/teams/452848,2025-10-08,M,U12
Dynamos SC 14B Gold,Dynamos SC,496617,3311,14,29,5,48,649,AZ,4,0.2916666666666667,70,246,0.6497175141242938,https://rankings.gotsport.com/teams/496617,2025-10-08,M,U12
CCV Stars 14 Boys South Pre-ECNL,CCV STARS,128663,3305,14,17,3,34,650,AZ,4,0.4117647058823529,71,247,0.8936170212765957,https://rankings.gotsport.com/teams/128663,2025-10-08,M,U12
Northwest 2014 Boys,Next Level Soccer (AZ),506850,3304,11,36,3,50,651,AZ,4,0.22,72,248,0.42528735632183906,https://rankings.gotsport.com/teams/506850,2025-10-08,M,U12
VSC 2014 Boys Green,Vail SC,295846,3021,13,18,4,35,714,AZ,4,0.37142857142857144,73,271,1.0683760683760684,https://rankings.gotsport.com/teams/295846,2025-10-08,M,U12
14B Hinds,RSL-AZ Southern AZ,373077,3011,26,13,4,43,716,AZ,4,0.6046511627906976,74,272,1.5058823529411764,https://rankings.gotsport.com/teams/373077,2025-10-08,M,U12
SFC XOLOS ARIZONA 2014,Spartans FC (AZ),584054,2996,9,1,1,11,721,AZ,4,0.8181818181818182,75,273,2.75,https://rankings.gotsport.com/teams/584054,2025-10-08,M,U12
2014 Tuzos Academy FV,FBSL,308708,2855,18,2,1,21,763,AZ,4,0.8571428571428571,76,287,5.625,https://rankings.gotsport.com/teams/308708,2025-10-08,M,U12
Amore 2014 Boys,Amore Soccer,296013,2841,15,19,7,41,765,AZ,4,0.36585365853658536,77,288,0.9933333333333333,https://rankings.gotsport.com/teams/296013,2025-10-08,M,U12
Kingman SC B14 McGill,Kingman SC,195296,2769,11,8,2,21,792,AZ,4,0.5238095238095238,78,299,1.3269230769230769,https://rankings.gotsport.com/teams/195296,2025-10-08,M,U12
2014 Rush Boys,Phoenix Rush,370621,2620,13,15,4,32,830,AZ,4,0.40625,79,313,0.8936170212765957,https://rankings.gotsport.com/teams/370621,2025-10-08,M,U12
PRFC West Valley 14B Predator,Phoenix Rising FC,174796,2540,13,14,1,28,854,AZ,4,0.4642857142857143,80,319,1.075,https://rankings.gotsport.com/teams/174796,2025-10-08,M,U12
FC Arizona 14B Black GFC Suenaga U12,FC Arizona,371742,2427,21,8,4,33,907,AZ,4,0.6363636363636364,81,339,2.456140350877193,https://rankings.gotsport.com/teams/371742,2025-10-08,M,U12
Phoenix Premier FC 14B SW Black,Phoenix Premier FC,502513,2408,16,12,1,29,914,AZ,4,0.5517241379310345,82,342,1.6111111111111112,https://rankings.gotsport.com/teams/502513,2025-10-08,M,U12
AZ Inferno 14 Boys Black,AZ Inferno,130761,2349,15,22,4,41,943,AZ,4,0.36585365853658536,83,349,0.9827586206896551,https://rankings.gotsport.com/teams/130761,2025-10-08,M,U12
Playmaker Futbol Academy 14B Gold,Playmaker Futbol Academy,391344,2305,12,29,4,45,964,AZ,4,0.26666666666666666,84,357,0.5444444444444444,https://rankings.gotsport.com/teams/391344,2025-10-08,M,U12
14B Hermanson AL,RSL-AZ Southern AZ,390403,2165,26,25,5,56,1015,AZ,4,0.4642857142857143,85,375,1.1983471074380165,https://rankings.gotsport.com/teams/390403,2025-10-08,M,U12
14 Boys Soul Warriors,FC Tucson Youth Soccer,515160,2100,12,14,4,30,1054,AZ,4,0.4,86,387,0.8679245283018868,https://rankings.gotsport.com/teams/515160,2025-10-08,M,U12
Deportivo Mexico 14B,Renegades Soccer Club,558128,2031,7,15,8,30,1083,AZ,4,0.23333333333333334,87,396,0.6759259259259259,https://rankings.gotsport.com/teams/558128,2025-10-08,M,U12
14B Rayados Blue AL,RSL-AZ Southern AZ,513291,2030,3,6,3,12,1084,AZ,4,0.25,88,397,0.6976744186046512,https://rankings.gotsport.com/teams/513291,2025-10-08,M,U12
Eagles F.C.,Renegades Soccer Club,432207,1998,17,12,6,35,1105,AZ,4,0.4857142857142857,89,406,1.4576271186440677,https://rankings.gotsport.com/teams/432207,2025-10-08,M,U12
EXCEL25WU11B1Lee,RSL-AZ South,559749,1931,5,2,0,7,1143,AZ,4,0.7142857142857143,90,414,0.8823529411764706,https://rankings.gotsport.com/teams/559749,2025-10-08,M,U12
14B Rueda,RSL-AZ South,251060,1875,9,17,1,27,1180,AZ,4,0.3333333333333333,91,423,0.4056603773584906,https://rankings.gotsport.com/teams/251060,2025-10-08,M,U12
AZ Arsenal 14 Boys Teal MC,Arizona Arsenal Soccer Club,505309,1767,10,21,1,32,1262,AZ,4,0.3125,92,447,0.5673076923076923,https://rankings.gotsport.com/teams/505309,2025-10-08,M,U12
CDO 14B Elite,Canyon Del Oro Soccer Club,250767,1752,16,7,7,30,1270,AZ,4,0.5333333333333333,93,450,1.2533333333333334,https://rankings.gotsport.com/teams/250767,2025-10-08,M,U12
Tuzos 2014 Nava,FBSL,498283,1748,6,7,3,16,1272,AZ,4,0.375,94,451,0.9552238805970149,https://rankings.gotsport.com/teams/498283,2025-10-08,M,U12
Milan,AYSO 350 Alliance,413583,1681,15,25,2,42,1309,AZ,4,0.35714285714285715,95,461,0.7238095238095238,https://rankings.gotsport.com/teams/413583,2025-10-08,M,U12
CCV Stars 14 Boys East Pre-ECNL,CCV STARS,330680,1631,17,13,3,33,1352,AZ,4,0.5151515151515151,96,476,1.5294117647058822,https://rankings.gotsport.com/teams/330680,2025-10-08,M,U12
Phoenix Valley Soccer Club boys 2014,Phoenix Valley,492657,1618,11,15,2,28,1358,AZ,4,0.39285714285714285,97,479,0.7021276595744681,https://rankings.gotsport.com/teams/492657,2025-10-08,M,U12
Excel Soccer Academy 14B Black,Excel Soccer Academy,419768,1581,15,5,2,22,1384,AZ,4,0.6818181818181818,98,487,2.175,https://rankings.gotsport.com/teams/419768,2025-10-08,M,U12
RSL-AZ Yuma 14 Boys Rodriguez,RSL-AZ Yuma,493827,1567,7,4,1,12,1390,AZ,4,0.5833333333333334,99,488,1.0,https://rankings.gotsport.com/teams/493827,2025-10-08,M,U12
AZEV B2014 (WHITE),AYSO United (AZ),368573,1513,15,4,5,24,1436,AZ,4,0.625,100,498,1.9622641509433962,https://rankings.gotsport.com/teams/368573,2025-10-08,M,U12
14B Geoff,RSL-AZ Southern AZ,443374,1507,11,22,6,39,1442,AZ,4,0.28205128205128205,101,500,0.628099173553719,https://rankings.gotsport.com/teams/443374,2025-10-08,M,U12
14B NL #2,FC Tucson Youth Soccer,515151,1495,16,9,2,27,1452,AZ,4,0.5925925925925926,102,503,1.8,https://rankings.gotsport.com/teams/515151,2025-10-08,M,U12
14B Blue #1,FC Tucson Youth Soccer,515152,1453,8,16,0,24,1496,AZ,4,0.3333333333333333,103,516,0.6212121212121212,https://rankings.gotsport.com/teams/515152,2025-10-08,M,U12
CCV Stars 14 Boys North Navy,CCV STARS,128639,1401,14,17,0,31,1551,AZ,4,0.45161290322580644,104,532,0.9418604651162791,https://rankings.gotsport.com/teams/128639,2025-10-08,M,U12
14 Boys Navy,FC Batavia,197912,1295,12,10,3,25,1655,AZ,4,0.48,105,562,1.105263157894737,https://rankings.gotsport.com/teams/197912,2025-10-08,M,U12
Phoenix Premier FC 14B White,Phoenix Premier FC,320364,1279,10,18,4,32,1669,AZ,4,0.3125,106,568,0.5614035087719298,https://rankings.gotsport.com/teams/320364,2025-10-08,M,U12
Monsters 2014,United Latinos SC,380328,1201,7,2,1,10,1759,AZ,4,0.7,107,590,1.696969696969697,https://rankings.gotsport.com/teams/380328,2025-10-08,M,U12
2014 Boys (Walker),OJB FC,151723,1189,10,5,1,16,1778,AZ,4,0.625,108,594,2.066666666666667,https://rankings.gotsport.com/teams/151723,2025-10-08,M,U12
AZ Arsenal 14 Boys Select,Arizona Arsenal Soccer Club,521384,1188,17,14,1,32,1779,AZ,4,0.53125,109,595,0.8712871287128713,https://rankings.gotsport.com/teams/521384,2025-10-08,M,U12
Select 14B,Yavapai Soccer,208947,1140,9,11,6,26,1847,AZ,4,0.34615384615384615,110,617,0.7052631578947368,https://rankings.gotsport.com/teams/208947,2025-10-08,M,U12
AZ Arsenal 14 Boys Teal CB,Arizona Arsenal Soccer Club,254487,1138,11,17,4,32,1853,AZ,4,0.34375,111,619,0.7586206896551724,https://rankings.gotsport.com/teams/254487,2025-10-08,M,U12
Scottsdale 14 Sandsharks Black,North Scottsdale Soccer Club,273169,1113,13,9,5,27,1899,AZ,4,0.48148148148148145,112,635,1.5490196078431373,https://rankings.gotsport.com/teams/273169,2025-10-08,M,U12
Brazas 2014 Boys Gold Rigo,Brazas Futebol Club,250962,1102,13,12,1,26,1919,AZ,4,0.5,113,641,1.1063829787234043,https://rankings.gotsport.com/teams/250962,2025-10-08,M,U12
CAC 14/15B (Conroy),Coronado Athletic Club,382297,1094,11,22,5,38,1935,AZ,4,0.2894736842105263,114,645,0.5481481481481482,https://rankings.gotsport.com/teams/382297,2025-10-08,M,U12
NOS Santos 14 Boys White,NOS Santos SC,136657,1079,12,17,2,31,1955,AZ,4,0.3870967741935484,115,653,0.87,https://rankings.gotsport.com/teams/136657,2025-10-08,M,U12
Madison FC 14 White Boys,Madison FC,620400,1067,4,2,1,7,1974,AZ,4,0.5714285714285714,116,659,1.4375,https://rankings.gotsport.com/teams/620400,2025-10-08,M,U12
La Academia 14B,La Academia FC,389989,1008,7,12,2,21,2079,AZ,4,0.3333333333333333,117,693,0.7623762376237624,https://rankings.gotsport.com/teams/389989,2025-10-08,M,U12
PRFC Desert Foothills 14B Predator,Phoenix Rising Desert Foothills,255975,1007,9,19,4,32,2084,AZ,4,0.28125,118,695,0.6916666666666667,https://rankings.gotsport.com/teams/255975,2025-10-08,M,U12
2014 Boys Blue,Thunderbird FC,385776,992,7,12,5,24,2108,AZ,4,0.2916666666666667,119,700,0.7162162162162162,https://rankings.gotsport.com/teams/385776,2025-10-08,M,U12
FC Elite Arizona 2014 Boys - Urbina,FC Elite Arizona,631457,952,3,4,2,9,2182,AZ,4,0.3333333333333333,120,720,0.42857142857142855,https://rankings.gotsport.com/teams/631457,2025-10-08,M,U12
Tuzos Titanes 2014,FBSL,519547,952,7,15,2,24,2182,AZ,4,0.2916666666666667,120,720,0.42857142857142855,https://rankings.gotsport.com/teams/519547,2025-10-08,M,U12
Select 14B Red,AZFC ,497273,850,9,23,3,35,2390,AZ,4,0.2571428571428571,122,772,0.7282608695652174,https://rankings.gotsport.com/teams/497273,2025-10-08,M,U12
14B Felix Nogales,RSL-AZ Southern AZ,552776,849,7,9,3,19,2394,AZ,4,0.3684210526315789,123,775,0.8035714285714286,https://rankings.gotsport.com/teams/552776,2025-10-08,M,U12
2014/15 Boys (Pena),OJB FC,400441,802,7,11,1,19,2488,AZ,4,0.3684210526315789,124,799,0.72,https://rankings.gotsport.com/teams/400441,2025-10-08,M,U12
VSC 2014 Boys White,Vail SC,305500,746,8,16,1,25,2641,AZ,4,0.32,125,840,0.7903225806451613,https://rankings.gotsport.com/teams/305500,2025-10-08,M,U12
Synergy FC 14 B,Synergy FC AZ,371140,723,4,26,5,35,2712,AZ,4,0.11428571428571428,126,858,0.3373493975903614,https://rankings.gotsport.com/teams/371140,2025-10-08,M,U12
PRFC North Valley 14B Copa,Phoenix Rising FC North Valley,405148,687,5,23,1,29,2828,AZ,4,0.1724137931034483,127,883,0.3785310734463277,https://rankings.gotsport.com/teams/405148,2025-10-08,M,U12
Hustle Hard 2014- Boys,FBSL,310009,660,3,19,3,25,2921,AZ,4,0.12,128,911,0.2204724409448819,https://rankings.gotsport.com/teams/310009,2025-10-08,M,U12
FSC United 14 Boys,Flagstaff SC,121797,657,10,31,2,43,2936,AZ,4,0.23255813953488372,129,915,0.44166666666666665,https://rankings.gotsport.com/teams/121797,2025-10-08,M,U12
Excel Soccer Academy 14 White,Excel Soccer Academy,496643,513,2,7,1,10,3472,AZ,4,0.2,130,1043,0.3137254901960784,https://rankings.gotsport.com/teams/496643,2025-10-08,M,U12
14B Blue #2,FC Tucson Youth Soccer,515153,511,2,19,2,23,3484,AZ,4,0.08695652173913043,131,1046,0.17073170731707318,https://rankings.gotsport.com/teams/515153,2025-10-08,M,U12
PRFC Scottsdale 14B Copa,Phoenix Rising FC,179070,500,6,22,2,30,3536,AZ,4,0.2,132,1056,0.4785276073619632,https://rankings.gotsport.com/teams/179070,2025-10-08,M,U12
State 48 FC 14 Archive,State 48 FC,198567,495,5,5,1,11,3565,AZ,4,0.45454545454545453,133,1067,1.4090909090909092,https://rankings.gotsport.com/teams/198567,2025-10-08,M,U12
Pumas Tucson 14B,Renegades Soccer Club,450534,426,3,1,0,4,3922,AZ,4,0.75,134,1151,1.5714285714285714,https://rankings.gotsport.com/teams/450534,2025-10-08,M,U12
14B Midhaan,RSL-AZ North,365125,365,5,21,3,29,4273,AZ,4,0.1724137931034483,135,1242,0.5269461077844312,https://rankings.gotsport.com/teams/365125,2025-10-08,M,U12
Southeast 2014 Boys Pink,Next Level Soccer (AZ),567475,340,1,1,1,3,4422,AZ,4,0.3333333333333333,136,1285,0.9090909090909091,https://rankings.gotsport.com/teams/567475,2025-10-08,M,U12
Phoenix Premier FC 14B Pre MLS Next AD,Phoenix Premier FC,619879,330,1,2,0,3,4501,AZ,4,0.3333333333333333,137,1302,0.45454545454545453,https://rankings.gotsport.com/teams/619879,2025-10-08,M,U12
PSC 2014/15B,Paladin Soccer Club,490652,317,6,11,1,18,4593,AZ,4,0.3333333333333333,138,1323,0.44155844155844154,https://rankings.gotsport.com/teams/490652,2025-10-08,M,U12
CCV Stars 14 Boys South Orange,CCV STARS,128664,309,4,24,7,35,4647,AZ,4,0.11428571428571428,139,1336,0.4258064516129032,https://rankings.gotsport.com/teams/128664,2025-10-08,M,U12
Gila Valley Ninjas,AYSO 350 Alliance,639388,309,3,1,0,4,4647,AZ,4,0.75,139,1336,2.6666666666666665,https://rankings.gotsport.com/teams/639388,2025-10-08,M,U12
14B Laroussi,RSL-AZ South,364430,301,4,17,0,21,4694,AZ,4,0.19047619047619047,141,1350,0.49557522123893805,https://rankings.gotsport.com/teams/364430,2025-10-08,M,U12
FC Elite Arizona 2014 Boys - Martinez,FC Elite Arizona,631446,300,5,2,0,7,4704,AZ,4,0.7142857142857143,142,1353,3.5,https://rankings.gotsport.com/teams/631446,2025-10-08,M,U12
AZ Thundercats 2014,FBSL,434312,141,2,3,0,5,6059,AZ,4,0.4,143,1692,1.0476190476190477,https://rankings.gotsport.com/teams/434312,2025-10-08,M,U12
Pima Surf 2014 B White,Pima County Surf Soccer Club,403789,138,2,17,2,21,6077,AZ,4,0.09523809523809523,144,1698,0.2535211267605634,https://rankings.gotsport.com/teams/403789,2025-10-08,M,U12
America 14b,Renegades Soccer Club,547554,133,2,7,0,9,6125,AZ,4,0.2222222222222222,145,1711,0.75,https://rankings.gotsport.com/teams/547554,2025-10-08,M,U12
AZ Inferno 14 Boys Blue,AZ Inferno,641417,102,1,4,0,5,6402,AZ,4,0.2,146,1774,0.4,https://rankings.gotsport.com/teams/641417,2025-10-08,M,U12
Tuzos Chandler 2014 boys,FBSL,615646,97,1,2,0,3,6455,AZ,4,0.3333333333333333,147,1790,0.6153846153846154,https://rankings.gotsport.com/teams/615646,2025-10-08,M,U12
Bala FC - 2014B,Bala FC,614083,70,1,1,1,3,6795,AZ,4,0.3333333333333333,148,1873,0.7777777777777778,https://rankings.gotsport.com/teams/614083,2025-10-08,M,U12
Scottsdale 14 Sandsharks White,North Scottsdale Soccer Club,151927,51,1,6,0,7,7124,AZ,4,0.14285714285714285,149,1951,0.07462686567164178,https://rankings.gotsport.com/teams/151927,2025-10-08,M,U12
Tuzos CR,FBSL,543225,40,1,4,1,6,7192,AZ,4,0.16666666666666666,150,1969,0.34782608695652173,https://rankings.gotsport.com/teams/543225,2025-10-08,M,U12
Phoenix Rising FC U14B,Phoenix Rising FC,571498,40,2,2,1,5,7192,AZ,4,0.4,150,1969,0.8,https://rankings.gotsport.com/teams/571498,2025-10-08,M,U12
FC Sonora 14' B Dynamo,FC Sonora,366702,40,1,22,1,24,7192,AZ,4,0.041666666666666664,150,1969,0.25862068965517243,https://rankings.gotsport.com/teams/366702,2025-10-08,M,U12
East Valley NSFC 14 Boys Tiggs,East Valley/NSFC,370050,40,0,21,1,22,7192,AZ,4,0.0,150,1969,0.17391304347826086,https://rankings.gotsport.com/teams/370050,2025-10-08,M,U12
PSC 2014B,Paladin Soccer Club,654997,30,1,2,0,3,7389,AZ,4,0.3333333333333333,154,2029,0.8,https://rankings.gotsport.com/teams/654997,2025-10-08,M,U12
Spartak Academy 2014 Boys,Spartak Academy,647534,30,1,2,0,3,7389,AZ,4,0.3333333333333333,154,2029,0.4117647058823529,https://rankings.gotsport.com/teams/647534,2025-10-08,M,U12
Jedi 14B,Renegades Soccer Club,654696,30,0,2,0,2,7389,AZ,4,0.0,154,2029,0.5,https://rankings.gotsport.com/teams/654696,2025-10-08,M,U12
ESC - Boys Chandler 15/16,Epic Soccer Club,503477,10,0,4,1,5,7770,AZ,4,0.0,157,2125,0.08163265306122448,https://rankings.gotsport.com/teams/503477,2025-10-08,M,U12
14B Moore,,309760,10,0,24,1,25,7770,AZ,4,0.0,157,2125,0.06015037593984962,https://rankings.gotsport.com/teams/309760,2025-10-08,M,U12
ASA 014B Magic,Arizona Soccer Academy,526726,0,0,13,0,13,7989,AZ,4,0.0,159,2181,0.06521739130434782,https://rankings.gotsport.com/teams/526726,2025-10-08,M,U12
Milan B,AYSO 350 Alliance,663478,0,0,3,0,3,7989,AZ,4,0.0,159,2181,0.029411764705882353,https://rankings.gotsport.com/teams/663478,2025-10-08,M,U12
PFC Danger B2014 Blue,Paris United FC,638992,0,0,0,0,0,7989,AZ,4,0.0,159,2181,0.0,https://rankings.gotsport.com/teams/638992,2025-10-08,M,U12
Gilbert United FC,G.Y.S.A.,568313,0,0,2,0,2,7989,AZ,4,0.0,159,2181,0.13043478260869565,https://rankings.gotsport.com/teams/568313,2025-10-08,M,U12
Cobre Mountain Roadrunners 4,,568181,0,0,6,0,6,7989,AZ,4,0.0,159,2181,0.01282051282051282,https://rankings.gotsport.com/teams/568181,2025-10-08,M,U12
EXCEL25WU11B2Eggleston,RSL-AZ South,559750,0,0,5,0,5,7989,AZ,4,0.0,159,2181,0.034482758620689655,https://rankings.gotsport.com/teams/559750,2025-10-08,M,U12
PFC Danger B2014,Paris United FC,681670,0,0,0,0,0,7989,AZ,4,0.0,159,2181,0.0,https://rankings.gotsport.com/teams/681670,2025-10-08,M,U12
SCUM East Valley 14B Ninjas,SC Union Maricopa Academy,492537,0,0,8,0,8,7989,AZ,4,0.0,159,2181,0.010309278350515464,https://rankings.gotsport.com/teams/492537,2025-10-08,M,U12
State 48 FC Avondale 14 White,State 48 FC,614163,0,0,3,0,3,7989,AZ,4,0.0,159,2181,0.3333333333333333,https://rankings.gotsport.com/teams/614163,2025-10-08,M,U12
Sun Warriors 15/16 Boys,Sun Warriors AZFC,126086,0,0,3,0,3,7989,AZ,4,0.0,159,2181,0.02702702702702703,https://rankings.gotsport.com/teams/126086,2025-10-08,M,U12
Tuzos Nogales 2014,FBSL,314990,0,0,2,0,2,7989,AZ,4,0.0,159,2181,0.2857142857142857,https://rankings.gotsport.com/teams/314990,2025-10-08,M,U12
AZSC 2014/2015B Navy,Arizona Soccer Club,621422,0,0,3,0,3,7989,AZ,4,0.0,159,2181,0.13333333333333333,https://rankings.gotsport.com/teams/621422,2025-10-08,M,U12
